Longitude,Latitude,Type,Name,Street,City,State,Zip_Code
-71.0530768,42.3552909,Verizon Locations,Verizon 125 High St - High Tower,125 High St - High Tower,Boston,MA,2110
-71.0733678,42.2994631,Verizon Locations,Verizon 6 Bowdoin Sq,6 Bowdoin Sq,Boston,MA,2121
-71.200085,42.486234,Verizon Locations,Verizon 51 S Bedford St,51 S Bedford St,Burlington,MA,1803
-71.13505,41.954417,Verizon Locations,Verizon 385 Myles Standish Blvd,385 Myles Standish Blvd,Taunton,MA,2780
-71.1581594,42.5874153,Verizon Locations,Verizon 200 Ballardvale ST,200 Ballardvale ST,Wilmington,MA,1887
-71.804872,42.26551,Verizon Locations,Verizon 15 Chestnut St,15 Chestnut St,Worcester,MA,1609
-71.2732565,42.394503,Verizon Locations,Verizon 50-60 Sylvan Rd,50-60 Sylvan Rd,Waltham,MA,2451
-71.3244925,42.6147171,Verizon Locations,Verizon 900 Chelmsford St,900 Chelmsford St,Lowell,MA,1851
-74.0129973,40.7138034,Verizon Locations,Verizon 140 West St,140 West St,New York,NY,10007
-73.975441,40.747432,Verizon Locations,Verizon 221 E 37Th St,221 E 37Th St,New York,NY,10016
-76.0866343,43.078345,Verizon Locations,Verizon 6360 Thompson Rd,6360 Thompson Rd,Syracuse,NY,13206
-73.770873,41.032452,Verizon Locations,Verizon 111 Main St,111 Main St,White Plains,NY,10601
-77.6420318,43.0665157,Verizon Locations,Verizon 133 Calkins Rd,133 Calkins Rd,Rochester,NY,14623
-73.6286338,40.7083715,Verizon Locations,Verizon 199 Fulton Ave,199 Fulton Ave,Hempstead,NY,11550
-73.9898524,41.0400227,Verizon Locations,Verizon 2000 Corporate Dr,2000 Corporate Dr,Orangeburg,NY,10962
-74.0469952,41.1094588,Verizon Locations,Verizon 239 W Rte 59,239 W Rte 59,Spring Valley,NY,10977
-73.7810693,41.1006785,Verizon Locations,Verizon 500 Summit Lake Dr,500 Summit Lake Dr,Valhalla,NY,10595
-73.6047292,40.7404371,Verizon Locations,Verizon 741 Zeckendorf Blvd,741 Zeckendorf Blvd,Garden City,NY,11530
-73.982758,40.72823,Best Burgers,Brindle Room,277 E 10th St,New York,NY,10009
-74.000691,40.730009,Best Burgers,Minetta Tavern,113 MacDougal St.,New York,NY,10012
-74.00669,40.735583,Best Burgers,The Spotted Pig,314 W 11th St,New York,NY,10014
-74.003764,40.737972,Best Burgers,Corner Bistro,331 W 4th St,New York,NY,10014
-74.001775,40.737358,Best Burgers,The Little Owl,93 Greenwich Ave,New York,NY,10014
-73.957287,40.777477,Best Burgers,Lexington Candy Shop,1226 Lexington Ave,New York,NY,10028
-73.962452,40.709828,Best Burgers,Peter Luger,178 Broadway,Brooklyn,NY,11211
-73.988432,40.744905,Best Restaurants,NoMad,1170 Broadway,New York,NY,10001
-73.984692,40.719685,Best Restaurants,wd~50,50 Clinton St,New York,NY,10002
-73.993801,40.734084,Best Restaurants,Gotham Bar & Grill,12 E 12th St,New York,NY,10003
-73.990233,40.730893,Best Restaurants,Ippudo,65 4th Ave,New York,NY,10003
-73.989506,40.737855,Best Restaurants,ABC Kitchen,35 E 18th St,New York,NY,10003
-73.988463,40.738381,Best Restaurants,Gramercy Tavern,42 E 20th St,New York,NY,10003
-73.987124,40.72968,Best Restaurants,Alder,157 2nd Ave,New York,NY,10003
-73.985956,40.73177,Best Restaurants,Momofuku Ssam Bar,207 2nd Ave,New York,NY,10003
-73.984593,40.728982,Best Restaurants,Momofuku Ko,163 1st Ave,New York,NY,10003
-73.986505,40.741512,Best Restaurants,Eleven Madison Park,11 Madison Ave,New York,NY,10010
-74.007366,40.743435,Best Restaurants,Del Posto,85 10th Avenue,New York,NY,10011
-73.999681,40.73204,Best Restaurants,Blue Hill at Stone Barns,75 Washington Pl,New York,NY,10011
-73.999227,40.732346,Best Restaurants,Babbo Ristorante,110 Waverly Pl,New York,NY,10011
-73.992498,40.726526,Best Restaurants,Il Buco Alimentari & Vineria,53 Great Jones St,New York,NY,10012
-74.008881,40.71944,Best Restaurants,Nobu,105 Hudson St,New York,NY,10013
-74.00455,40.731754,Best Restaurants,Sushi Nakazawa,23 Commerce St.,New York,NY,10014
-73.973704,40.751107,Best Restaurants,Sushi Yasuda,204 E 43rd St,New York,NY,10017
-73.983127,40.768637,Best Restaurants,Masa,10 Columbus Cir 4th Fl,New York,NY,10019
-73.981788,40.761546,Best Restaurants,Le Bernardin,155 West 51st Street,New York,NY,10019
-73.98112,40.767387,Best Restaurants,Marea,240 Central Park S,New York,NY,10019
-73.976402,40.764237,Best Restaurants,Betony,41 W 57th St,New York,NY,10019
-73.982793,40.768293,Best Restaurants,Per Se,10 Columbus Cir.,New York,NY,10023
-73.981422,40.769086,Best Restaurants,Jean Georges,1 Central Park West,New York,NY,10023
-73.967608,40.766728,Best Restaurants,Daniel,60 E 65th St,New York,NY,10065
-73.828674,41.104049,Best Restaurants,Blue Hill at Stone Barns,630 Bedford Rd.,Pocantico Hills,NY,10591
-73.985315,40.688453,Best Restaurants,Chef's Table at Brooklyn Fare,212 Schermerhorn St.,Brooklyn,NY,11201
-73.981396,40.675301,Best Restaurants,Al Di La,248 5th Ave,Brooklyn,NY,11215
-73.955717,40.720914,Best Restaurants,The Elm,160 N 12th St,Brooklyn,NY,11249
-73.986259,40.748171,Halls of Fame,Irish American Baseball Hall of Fame,18 West 33rd Street,New York,NY,10001
-73.98497,40.762497,Halls of Fame,American Theater Hall of Fame,222 West 51st Street,New York,NY,10019
-73.950047,40.810021,Halls of Fame,The Apollo Theatre Hall of Fame,253 West 125th Street,New York,NY,10027
-73.913953,40.858799,Halls of Fame,Hall of Fame for Great Americans,2155 University Ave,Bronx,NY,10453
-73.922602,40.826983,Halls of Fame,Bronx Walk of Fame,161st Street and Grand Concourse,Bronx,NY,10458
-74.31937,41.404217,Halls of Fame,Harness Racing Museum & Hall of Fame,240 Main St,Goshen,NY,10924
-73.849069,40.755916,Halls of Fame,New York Mets Hall of Fame,123-01 Roosevelt Ave,Flushing-Queens,NY,11368
-73.303341,40.82922,Halls of Fame,National Jewish Sports Hall of Fame and Museum,74 Hauppauge Road,Commack,NY,11725
-73.790244,43.065892,Halls of Fame,National Museum of Dance and Hall of Fame,99 S Broadway,Saratoga Springs,NY,12866
-73.773411,43.076264,Halls of Fame,U.S. National Museum of Racing and Hall of Fame,191 Union Ave,Saratoga Springs,NY,12866
-75.749813,43.08938,Halls of Fame,International Boxing Hall of Fame,360 N Peterboro St,Canastota,NY,13032
-76.797694,42.910936,Halls of Fame,National Women's Hall of Fame,76 Fall St,Seneca Falls,NY,13148
-74.92321,42.699958,Halls of Fame,National Baseball Hall of Fame and Museum,25 Main St,Cooperstown,NY,13326
-75.228271,43.103216,Halls of Fame,National Distance Running Hall of Fame,114 Genesee St,Utica,NY,13502
-75.112942,42.447417,Halls of Fame,National Soccer Hall of Fame,West End ,New York,NY,13820
-77.600709,43.152744,Halls of Fame,National Toy Hall of Fame,1 Manhattan Square Dr,Rochester,NY,14607
-73.965436,40.805422,NASA Centers,Goddard Institute for Space Studies,2880 Broadway,New York,NY,10025
-73.993611,40.750556,NBA Stadium,Madison Square Garden,4 Pennsylvania Plaza,New York,NY,10001
-74.171111,40.733611,NBA Stadium,Barclays Center,620 Atlantic Avenue,Brooklyn,NY,11217
-73.677004,40.965491,Theme Park,Rye Playland,100 Playland Pkwy,Rye,NY,10580
-73.419764,40.752605,Theme Park,Adventureland Amusement Park,2245 Broad Hollow Road (RT. 110),Farmingdale,NY,11735
-72.730441,40.924221,Theme Park,Splish Splash,2549 Splish Splash Drive,Calverton,NY,11933
-73.697225,43.352495,Theme Park,The Great Escape & Splashwater Kingdom,89 Six Flags Dr,Queensbury,NY,12804
-73.702284,43.397008,Theme Park,Magic Forest,1912 State Route 9,Lake George,NY,12845
-77.542123,43.231634,Theme Park,Seabreeze Amusement Park,4600 Culver Rd,Rochester,NY,14622
-75.169387,39.9554045,Verizon Locations,Verizon 1717 Arch ST,1717 Arch ST,Philadelphia,PA,19103
-80.098236,40.6643169,Verizon Locations,Verizon 300 Allegheny DR,300 Allegheny DR,Warrendale,PA,15086
-75.88121,41.2455252,Verizon Locations,Verizon 60 Public SQ,60 Public SQ,Wilkes Barre,PA,18701
-74.9810591,40.1220653,Verizon Locations,Verizon 8 Neshaminy Interplex,8 Neshaminy Interplex,Trevose,PA,19053
-74.3193419,40.2390713,Verizon Locations,Verizon 999 W Main St,999 W Main St,Freehold,NJ,7728
-74.4772849,40.7709098,Verizon Locations,Verizon 100 Southgate Pkwy,100 Southgate Pkwy,Morristown,NJ,7960
-74.5718612,40.6530848,Verizon Locations,Verizon 30 Independence Blvd,30 Independence Blvd,Warren,NJ,7059
-74.634952,40.6444059,Verizon Locations,Verizon 180 Washington Valley Rd,180 Washington Valley Rd,Bedminster,NJ,7921
-74.4953301,40.5449301,Verizon Locations,Verizon 201 Centennial AVE,201 Centennial AVE,Piscataway,NJ,8854
-74.5333389,40.7250243,Verizon Locations,Verizon One Verizon WAY,One Verizon WAY,Basking Ridge,NJ,7920
-77.023628,38.899027,Best Restaurants,Zaytinya,701 9th St NW,Washington,DC,20001
-77.023802,38.896259,Best Restaurants,Minibar by Jose Andres,855 E St NW,Washington,DC,20004
-77.021288,38.894972,Best Restaurants,Rasika,633 D St NW,Washington,DC,20004
-77.030427,38.883595,Best Restaurants,CityZen,1330 Maryland Ave SW,Washington,DC,20024
-77.038208,38.910097,Best Restaurants,Komi,1509 17th St NW,Washington,DC,20036
-76.9583232,39.0709752,Verizon Locations,Verizon 13100 Columbia Pike,13100 Columbia Pike,Silver Spring,MD,20904
-76.890229,39.161063,Verizon Locations,Verizon 7600 Montpelier Rd,7600 Montpelier Rd,Laurel,MD,20723
-76.6519325,39.4945391,Verizon Locations,Verizon 99 Shawan Rd,99 Shawan Rd,Cockeysville,MD,21030
-77.52094,37.624795,Verizon Locations,Verizon 3011 Hungary Spring Rd,3011 Hungary Spring Rd,Richmond,VA,23228
-77.4709363,39.0105011,Verizon Locations,Verizon 22001 Loudoun County PKWY,22001 Loudoun County PKWY,Ashburn,VA,20147
-77.077792,38.893924,Best Burgers,Ray?s to the Third,1650 Wilson Blvd,Arlington,VA,22209
-78.160167,38.713626,Best Restaurants,Inn at Little Washington,309 Middle St,Washington,VA,22747
-76.299085,36.835745,Halls of Fame,Virginia Sports Hall of Fame and Museum,206 High St,Portsmouth,VA,23704
-75.42492,37.93678,NASA Centers,Goddard Wallops Flight Facility,292W Wallops Island,Wallops Island,VA,23337
-76.39344,37.101406,NASA Centers,Langely Research Center,60 Wythe Creek Rd,Hampton,VA,23666
-76.344318,37.024009,NASA Centers,Virginia Air & Space Center,600 Settlers Landing Rd,Hampton,VA,23669
-77.443676,37.839752,Theme Park,Kings Dominion,16000 Theme Park Way,Doswell,VA,23047
-76.64448,37.23862,Theme Park,Busch Gardens Williamsburg,1 Busch Gardens Blvd.,Williamsburg,VA,23185
-76.636488,37.26166,Theme Park,Water Country USA,176 Water Country Pkwy,Williamsburg,VA,23185
-78.638475,35.781864,Halls of Fame,North Carolina Sports Hall of Fame,5 E Edenton St,Raleigh,NC,27601
-80.843668,35.221308,Halls of Fame,NASCAR Hall of Fame,400 E Martin Luther King Jr Blvd,Charlotte,NC,28202
-80.839167,35.225,NBA Stadium,Time Warner Cable Arena,333 East Trade Street,Charlotte,NC,28302
-80.94987,35.10085,Theme Park,Camp Wilderness Resort,14523 Carowinds Blvd,Charlotte,NC,28273
-79.932125,32.778074,Best Restaurants,Husk,76 Queen St,Charleston,SC,29401
-79.931545,32.782379,Best Restaurants,FIG,232 Meeting St,Charleston,SC,29401
-79.927104,32.778266,Best Restaurants,McCrady's,2 Unity Aly,Charleston,SC,29401
-79.94689,32.788823,Best Restaurants,Hominy Grill,207 Rutledge Ave,Charleston,SC,29403
-84.2772775,34.0553182,Verizon Locations,Verizon 5055 N Point PKWY,5055 N Point PKWY,Alpharetta,GA,30022
-84.389328,33.771693,Best Burgers,The Varsity,61 North Ave NW,Atlanta,GA,30308
-84.390386,33.815928,Best Burgers,Holeman & Finch Public House,2277 Peachtree Rd NE,Atlanta,GA,30309
-84.384481,33.779063,Best Burgers,The Vortex,878 Peachtree St NE,Atlanta,GA,30309
-84.412039,33.786741,Best Restaurants,Bacchanalia,1198 Howell Mill Rd NW,Atlanta,GA,30318
-84.395761,33.760558,Halls of Fame,College Football Hall of Fame,250 Marietta St NW,Atlanta,GA,30313
-84.388624,33.734836,Halls of Fame,Atlanta Braves Museum and Hall of Fame,755 Hank Aaron Dr SE,Atlanta,GA,30315
-83.624836,32.834615,Halls of Fame,Georgia Sports Hall of Fame,301 Cherry St,Macon,GA,31201
-84.396389,33.757222,NBA Stadium,Philips Arena,1 Philips Drive NW,Atlanta,GA,30303
-84.549689,33.768444,Theme Park,Six Flags Over Georgia,275 Riverside Pkwy SW,Austell,GA,30168
-83.323633,30.720167,Theme Park,Wild Adventures Theme Park,3766 Old Clyattville Rd,Valdosta,GA,31601
-86.072406,33.578323,Halls of Fame,International Motorsports Hall of Fame,3198 Speedway Blvd,Talladega,AL,35160
-86.81185,33.514943,Halls of Fame,Alabama Jazz Hall of Fame,1631 4th Ave N,Birmingham,AL,35203
-86.810039,33.525765,Halls of Fame,Alabama Sports Hall of Fame,2150 Richard Arrington Jr Blvd N,Birmingham,AL,35203
-87.706904,34.713003,Halls of Fame,Alabama Music Hall of Fame,617 U.S. 72,Tuscumbia,AL,35674
-86.65475,34.71225,NASA Centers,Marshall Space Flight Center,1 Tranquility Base,Huntsville,AL,35805